batch_size,epochs_trained,f1_cuisine,f1_dietaryRestriction,f1_duration,f1_easyKeyWord,f1_filterType,f1_ingredient,f1_mealType,f1_recipe,final_training_loss,intent_accuracy,intent_macro_f1,intent_weighted_f1,learning_rate,max_length,merged_macro_f1,merged_weighted_f1,num_epochs,slot_accuracy,slot_macro_f1,slot_weighted_f1,training_time_seconds
8,5,0.9066666666666666,0.7667031763417306,0.7859154929577464,0.3424124513618677,0.6596858638743456,0.8992731048805815,0.4738675958188153,0.9273542600896861,0.17120020639468736,0.9373659373659373,0.9151910177492485,0.936788748058854,1e-05,32,0.72023482649893,0.7800635137845293,5,0.9892079579579579,0.617394799387367,0.9878426486085855,90.66271996498108
8,5,0.8366336633663366,0.6334841628959276,0.7349397590361446,0.0,0.38323353293413176,0.8614457831325302,0.2711864406779661,0.927797833935018,0.15880725588176192,0.9309309309309309,0.9068101551001949,0.9296596659691619,1e-05,48,0.5810901469972569,0.6835077736461964,5,0.9907228657228657,0.5090067045753258,0.9893786067186445,104.73797655105591
8,5,0.9481865284974094,0.9214780600461894,0.8494897959183674,0.7598944591029023,0.7247706422018348,0.9233870967741935,0.8053333333333333,0.9617097061442564,0.11935095494454351,0.9446589446589446,0.9268103905451942,0.9445102898004661,2e-05,32,0.8617812027523108,0.8911943823186079,5,0.9933907121407122,0.8115555734174469,0.9932638797910319,90.64625835418701
8,5,0.923469387755102,0.8425624321389794,0.7896253602305475,0.6326034063260341,0.6417112299465241,0.896551724137931,0.5878378378378378,0.9507609668755596,0.10935023221255508,0.9210639210639211,0.894779404512492,0.9179964121663254,2e-05,48,0.7831402931560644,0.829246444679718,5,0.994029744029744,0.7136148097799052,0.9936734726943007,104.62780857086182
8,5,0.9536082474226805,0.9240048250904704,0.8742058449809402,0.7528089887640449,0.6836734693877551,0.9262295081967213,0.8011527377521613,0.9508196721311475,0.11435355307598374,0.9253539253539254,0.9047858157161075,0.9253466506265857,3e-05,32,0.8583129117157402,0.8914434588039964,5,0.9934041184041184,0.8350717569799414,0.9931678320333075,90.34207701683044
8,5,0.9503916449086162,0.9193548387096774,0.8078947368421052,0.6934673366834171,0.7184466019417476,0.9129989764585466,0.8010752688172043,0.9367088607594937,0.1102173932937986,0.9343629343629344,0.9120117355696392,0.9344113312869569,3e-05,48,0.842542283140101,0.8714452503689032,5,0.9951737451737451,0.8221214257890807,0.9950948564506313,104.99710297584534
8,5,0.9336870026525199,0.9,0.8459530026109661,0.7649769585253456,0.7605633802816901,0.9238683127572016,0.8672985781990521,0.9579230080572964,0.13554694800343928,0.9335049335049335,0.911480905652682,0.9318678328406181,5e-05,32,0.8692837803855089,0.8919220363627851,5,0.9934577434577434,0.8164210223954699,0.9934304289000395,90.53714942932129
8,5,0.9319899244332494,0.8982456140350877,0.8428927680798005,0.7440633245382586,0.7394957983193278,0.8760806916426513,0.8272506082725061,0.9434977578475336,0.1363333656211761,0.9202059202059202,0.8956612644183283,0.9182028375599935,5e-05,48,0.8504395608960519,0.8733955592010073,5,0.9948073073073073,0.8296705934518758,0.99488575056897,104.73173785209656
16,5,0.8578811369509044,0.6088495575221239,0.7190332326283988,0.0,0.05128205128205128,0.8816986855409504,0.24561403508771928,0.9323843416370107,0.25237004503385346,0.924924924924925,0.8951150378512712,0.9228545051597646,1e-05,32,0.5370928800811449,0.6665891707121201,5,0.9860574860574861,0.48929196057558727,0.9836329028658738,61.32740926742554
16,5,0.6978021978021978,0.6604215456674473,0.6624,0.0,0.0,0.8503118503118503,0.0,0.917910447761194,0.24662706400476284,0.9227799227799228,0.8920481977362914,0.9218827412306184,1e-05,48,0.47360575519283615,0.6241759889080637,5,0.9885599885599886,0.39185224745146785,0.9853680221574286,73.09343481063843
16,5,0.9302325581395349,0.8549618320610687,0.7940379403794038,0.5949008498583569,0.6363636363636364,0.9180990899898888,0.6149068322981367,0.9528888888888889,0.13937391268450822,0.9305019305019305,0.9076031879289367,0.9297255352744627,2e-05,32,0.7870489534973644,0.8359693588486922,5,0.9912188974688975,0.6999879783323643,0.9906603816252632,60.52261996269226
16,5,0.8837209302325582,0.6713164777680907,0.7428571428571429,0.1187214611872146,0.3875,0.8700102354145343,0.22321428571428573,0.927743086529884,0.13688768106165217,0.9395109395109396,0.9206593695257048,0.9389874460739299,2e-05,48,0.6031354524629637,0.7018479956692621,5,0.9907049907049907,0.500556458442948,0.9894756328259707,72.8906672000885
16,5,0.9503916449086162,0.9383886255924171,0.8317880794701987,0.72,0.7021276595744681,0.9364754098360656,0.7804878048780488,0.955736224028907,0.12191210118358704,0.933933933933934,0.9120269089262077,0.9326218053718309,3e-05,32,0.8519244310360902,0.8866160987422361,5,0.9934711497211497,0.8097829743679019,0.993252094190902,60.48969841003418
16,5,0.9090909090909091,0.8218579234972677,0.7950819672131147,0.5490196078431373,0.6203208556149733,0.8776978417266187,0.44516129032258067,0.9265116279069767,0.13060913439562072,0.924924924924925,0.9006690401708308,0.9224213617322387,3e-05,48,0.7430927529019473,0.7985813259881225,5,0.9929840554840554,0.6325766908554591,0.9925318334548247,72.95785307884216
16,5,0.9503916449086162,0.9316338354577057,0.8431105047748977,0.7318435754189944,0.7533632286995515,0.9244712990936556,0.7774647887323943,0.9636363636363636,0.10942456752562256,0.9296439296439296,0.9079048681779135,0.9290602512597549,5e-05,32,0.8594894050902724,0.8896665812149356,5,0.993538181038181,0.8181682312833691,0.9932561771602273,60.27435088157654
16,5,0.9381443298969072,0.8948598130841121,0.8134228187919463,0.7184466019417476,0.7333333333333333,0.8952187182095626,0.7436619718309859,0.9101019462465245,0.1248506697144971,0.9274989274989275,0.907511546498134,0.9267643451211316,5e-05,48,0.8308986916668899,0.8564280114908558,5,0.9945570570570571,0.7882645387690013,0.9944168804117525,73.19483160972595
32,5,0.6746987951807228,0.6968973747016707,0.6146179401993356,0.0,0.0,0.7854710556186152,0.0,0.8573839662447258,0.43501004275111926,0.9077649077649078,0.8663927350741957,0.9045051492131796,1e-05,32,0.45363364149313373,0.5958840441907194,5,0.9812848562848563,0.3693140700779944,0.976259038465394,44.44666147232056
32,5,0.09852216748768473,0.5914786967418546,0.3060796645702306,0.0,0.0,0.5873015873015873,0.0,0.8478802992518704,0.4481009030271144,0.9000429000429,0.8494410199598085,0.8924304434697515,1e-05,48,0.30390780191915345,0.44682563733750863,5,0.983930358930359,0.2356789267854919,0.9783799982441594,57.02775573730469
32,5,0.851063829787234,0.7067209775967414,0.7299703264094956,0.1504424778761062,0.08403361344537816,0.8537074148296593,0.24,0.9243856332703214,0.20788447492356812,0.9279279279279279,0.9011396723541243,0.9266613539276776,2e-05,32,0.567540534151867,0.6897820472235189,5,0.9866875804375804,0.5180968762402584,0.9840960966320182,44.433347940444946
32,5,0.7969924812030075,0.6281453867660765,0.7321428571428571,0.0,0.0,0.8403041825095057,0.28688524590163933,0.9029982363315696,0.1787260001791375,0.9292149292149292,0.9057618440646511,0.9276466881004677,2e-05,48,0.523433548731832,0.6541262136967816,5,0.9895252395252395,0.4388540879633281,0.9876720376950431,57.6881959438324
32,5,0.9283819628647215,0.8829663962920047,0.7804195804195804,0.575682382133995,0.6559139784946236,0.9090909090909091,0.5629139072847682,0.9459211732355637,0.14684863290971234,0.9343629343629344,0.9127801960308847,0.9338611758570098,3e-05,32,0.7801612862270207,0.8306199647064906,5,0.9909239596739596,0.7004088505233325,0.9902958788240367,44.36628007888794
32,5,0.8978494623655914,0.7722772277227723,0.7706919945725916,0.2096069868995633,0.43209876543209874,0.8795056642636457,0.33793103448275863,0.8955996548748921,0.14466205170555485,0.9382239382239382,0.9155740631267731,0.9376505190357658,3e-05,48,0.6494450988267393,0.7368018655576959,5,0.9917059917059917,0.5574340606630277,0.9904800418880693,57.32952165603638
32,5,0.9540816326530612,0.9003359462486002,0.8124156545209177,0.6941747572815534,0.708994708994709,0.9377593360995851,0.8085106382978723,0.954954954954955,0.12977538705759106,0.9407979407979408,0.920808587350411,0.9404732151336567,5e-05,32,0.8464034536314068,0.8779982843877661,5,0.9930153367653368,0.8067908265363043,0.9928460959326961,44.31215572357178
32,5,0.9210526315789473,0.8712206047032475,0.8092643051771117,0.6339066339066339,0.6596858638743456,0.8927477017364658,0.6730158730158731,0.9325946445060018,0.1385915723318855,0.9412269412269412,0.9219841301677929,0.9410822999377643,5e-05,48,0.7991860323123283,0.839763323698815,5,0.9942442442442443,0.7198392272139756,0.9939765499496382,57.18219208717346
64,5,0.0,0.5316455696202531,0.0,0.0,0.0,0.07645875251509054,0.0,0.7959343236903831,0.7626619062253407,0.8811668811668811,0.8205668815907688,0.8709779617558113,1e-05,32,0.17550483072821585,0.2743680008344421,5,0.9715653153153153,0.1516493232726292,0.9600569626136873,37.111379861831665
64,5,0.0,0.5131375579598145,0.0,0.0,0.0,0.0,0.0,0.7838884585592564,0.6744344603447687,0.8434148434148434,0.7384272499293745,0.8135195172230288,1e-05,48,0.16212825206488385,0.2543862657120976,5,0.9808201058201058,0.14099418685823706,0.9729265854353848,50.315823554992676
64,5,0.6973684210526315,0.7117903930131004,0.7040417209908736,0.0,0.0,0.8374384236453202,0.08256880733944955,0.9215686274509803,0.33986083347172963,0.9184899184899185,0.8861069273336276,0.9154300468624572,2e-05,32,0.49434704918654443,0.644022672564747,5,0.9839124839124839,0.4087761097367828,0.9803588038346883,37.14441800117493
64,5,0.05025125628140704,0.6057142857142858,0.45660377358490567,0.0,0.0,0.6888412017167382,0.0,0.9051490514905149,0.34933196753263474,0.909051909051909,0.871351881027195,0.9044744085483845,2e-05,48,0.3383199460984815,0.5006091147877857,5,0.985440797940798,0.28621967807194815,0.9810154024810469,50.40204477310181
64,5,0.9012658227848102,0.6713164777680907,0.7345132743362832,0.1746031746031746,0.4779874213836478,0.8836251287332647,0.40625,0.9363957597173145,0.20997291501788867,0.9313599313599313,0.905685287054898,0.929702617228403,3e-05,32,0.6482446324158232,0.7285225768944201,5,0.9876662376662376,0.5579171383268025,0.9863397634852529,36.98412799835205
64,5,0.5900900900900901,0.6673366834170854,0.6834319526627219,0.0,0.0,0.8379204892966361,0.0,0.9302736098852604,0.20420975238084793,0.9313599313599313,0.9045666189319034,0.9300468210871367,3e-05,48,0.4636316031689742,0.6208497556522707,5,0.9891856141856142,0.42578381292300715,0.9869341128110632,50.34204125404358
64,5,0.9206349206349206,0.8308668076109936,0.7888111888111888,0.5396825396825397,0.6695652173913044,0.9049111807732497,0.6299694189602446,0.9341983317886933,0.1431622357950324,0.9279279279279279,0.9023409328544897,0.9275275507799488,5e-05,32,0.7773299507066418,0.822300455713385,5,0.9907094594594594,0.6597632717380929,0.9900793839360861,37.11134147644043
64,5,0.8628428927680798,0.6709090909090909,0.7602836879432624,0.1471861471861472,0.0,0.8599033816425121,0.3424124513618677,0.944954128440367,0.14076225353138788,0.9386529386529386,0.9180300411303176,0.9380175345865648,5e-05,48,0.5735614725314159,0.6988842467085139,5,0.991500429000429,0.5226369924388728,0.9902105936323895,50.28196382522583
8,7,0.9399477806788512,0.9028571428571428,0.8081632653061225,0.703125,0.6256410256410256,0.9270298047276464,0.7550432276657061,0.9369527145359019,0.09511106849407223,0.93993993993994,0.9161027629617681,0.9395429503730353,1e-05,32,0.8248449951765495,0.8637171314440645,7,0.9921305233805234,0.7663417576358181,0.9918020693733521,124.02719163894653
8,7,0.9226804123711341,0.8403001071811361,0.7950819672131147,0.5866666666666667,0.6483516483516484,0.9183673469387755,0.6369426751592356,0.9320036264732547,0.09128491648838971,0.9326469326469327,0.9091599204613944,0.9322566167590205,1e-05,48,0.7850493062943708,0.8302549247511626,7,0.9941727441727441,0.7019650255121272,0.9938183063064497,142.0848410129547
8,7,0.9591836734693877,0.9144811858608894,0.8772845953002611,0.7786666666666666,0.783410138248848,0.9300911854103343,0.8759894459102903,0.9660107334525939,0.06365575289676698,0.9292149292149292,0.904904562077905,0.9282805555007142,2e-05,32,0.8856397030399089,0.9068482575946063,7,0.9942353067353067,0.8734370135430309,0.994174731617867,123.28940057754517
8,7,0.9498680738786279,0.8921023359288098,0.8297297297297297,0.772020725388601,0.7428571428571429,0.9295199182839632,0.7292225201072386,0.9586330935251799,0.05499560312508579,0.9365079365079365,0.9153874856029238,0.9358549674975425,2e-05,48,0.8504941924624116,0.8796718829956824,7,0.9953882453882454,0.7875208466456218,0.9952547520414186,142.16702151298523
8,7,0.9641025641025641,0.9279069767441861,0.884020618556701,0.8256410256410256,0.8071748878923767,0.9308176100628931,0.8806366047745358,0.9551971326164874,0.07013692054793139,0.9326469326469327,0.9104515389998491,0.932575955406634,3e-05,32,0.8969371775488463,0.9133460890021023,7,0.9947849635349635,0.8888516725838287,0.9947467738638225,123.3956310749054
8,7,0.9766233766233766,0.9336437718277066,0.857516339869281,0.8226221079691517,0.8,0.9351184346035015,0.8720626631853786,0.9540954095409541,0.06301085586605318,0.9365079365079365,0.9171504349846653,0.936315234083859,3e-05,48,0.8939602629524188,0.910433479274035,7,0.9963981838981839,0.8787150397297764,0.9963836220811775,141.48260641098022
8,7,0.9562982005141388,0.9197247706422018,0.8251928020565553,0.7821522309711286,0.8050847457627118,0.8955223880597015,0.7989130434782609,0.924953095684803,0.1306437149905615,0.9287859287859288,0.9076710771450598,0.927675154590408,5e-05,32,0.8634801596461876,0.879342176368123,7,0.9930555555555556,0.8296762053089989,0.9929723541004548,120.56733322143555
8,7,0.9578947368421052,0.8571428571428571,0.8721227621483376,0.5771812080536913,0.8235294117647058,0.9004926108374385,0.7760416666666666,0.929444967074318,0.10781771051787921,0.9270699270699271,0.899397006950694,0.9268818565985003,5e-05,48,0.836731277566265,0.8616788407678351,7,0.9950843700843701,0.8211069797350709,0.9949454904527283,139.63032865524292
16,7,0.927461139896373,0.8033648790746583,0.7664335664335664,0.47706422018348627,0.09917355371900827,0.8814589665653495,0.49645390070921985,0.9294225481209899,0.13743758098180614,0.9377949377949378,0.916330366186812,0.9374645794091458,1e-05,32,0.6726040968378315,0.7690184263648043,7,0.9890336765336766,0.6048812235825277,0.9876278856900936,81.13196277618408
16,7,0.8477157360406091,0.6702800361336947,0.7365356622998545,0.0,0.18543046357615894,0.8420038535645472,0.34854771784232363,0.9237510955302366,0.14565012132498756,0.9395109395109396,0.9188821020468426,0.938601346447764,1e-05,48,0.569283070623428,0.6834187892994192,7,0.9907764907764908,0.5099386117325239,0.9894079404168918,112.5989294052124
16,7,0.9399477806788512,0.8983240223463688,0.8235294117647058,0.6765432098765433,0.6417112299465241,0.9121756487025948,0.7049180327868853,0.9517743403093721,0.08303097534869144,0.9446589446589446,0.9256861961851758,0.9442983566501458,2e-05,32,0.8186154595514807,0.8606400432603605,7,0.9921975546975547,0.7251101577741845,0.991892171125527,81.23668313026428
16,7,0.9246753246753247,0.8556149732620321,0.7751724137931034,0.6519607843137255,0.6129032258064516,0.926829268292683,0.6075949367088608,0.950316169828365,0.07221466879179674,0.93993993993994,0.91902902309701,0.9396395146775605,2e-05,48,0.7881333870850682,0.8365212700369103,7,0.9942889317889317,0.6890719085311753,0.9938927821890587,97.82448697090149
16,7,0.9378238341968912,0.9003359462486002,0.8483290488431876,0.7619047619047619,0.776255707762557,0.9230769230769231,0.8527131782945736,0.9576957695769577,0.07770291131212195,0.9433719433719434,0.9257846940682685,0.9431327951636833,3e-05,32,0.8697668962380566,0.8918153444475354,7,0.9936320248820248,0.8187059991851932,0.9935624687032502,81.2214503288269
16,7,0.9427083333333334,0.9155251141552512,0.8389610389610389,0.7475247524752475,0.8034934497816594,0.9294354838709677,0.8142493638676844,0.9539295392953929,0.0765926056193994,0.939081939081939,0.9197216308353156,0.938770393868372,3e-05,48,0.868228384467572,0.8908007765460837,7,0.9956742456742457,0.8113698714064376,0.9956329838522527,97.83183073997498
16,7,0.9714285714285714,0.9247572815533981,0.8719346049046321,0.7704485488126649,0.71875,0.9164086687306502,0.8248587570621468,0.9462169553327257,0.08018535137065311,0.9360789360789361,0.9163065508550803,0.9350846197773481,5e-05,32,0.8681004234780987,0.8944470915829067,7,0.9937526812526812,0.8325936780134328,0.9934690173812002,81.19239473342896
16,7,0.9712793733681462,0.8973214285714286,0.8582677165354331,0.7415730337078652,0.6974358974358974,0.9245087900723888,0.8413098236775819,0.9524680073126143,0.09615234081536086,0.9279279279279279,0.9053768729526261,0.9269744884997287,5e-05,48,0.8605205088351695,0.8886394806914827,7,0.9956295581295581,0.8190286213235678,0.9954920023853967,97.72622418403625
32,7,0.7136363636363636,0.7441860465116279,0.7253731343283583,0.12380952380952381,0.0,0.8207171314741036,0.22406639004149378,0.9007901668129938,0.2559246150333257,0.918060918060918,0.8897064597897755,0.9160141177527691,1e-05,32,0.5315723445768081,0.6667396965324216,7,0.9845425782925783,0.4433008549699946,0.9812634390792183,57.92400813102722
32,7,0.5922077922077922,0.6549835706462213,0.6506410256410257,0.0,0.03333333333333333,0.7847826086956522,0.0,0.8356054530874097,0.2568652614773739,0.9227799227799228,0.8956533306727524,0.9200709708300907,1e-05,48,0.44394422295142927,0.5849753780456165,7,0.987022737022737,0.3729632708064061,0.9842118460584814,75.04811811447144
32,7,0.9326424870466321,0.7598086124401914,0.7933884297520661,0.5488958990536278,0.6270270270270271,0.8946840521564694,0.5426829268292683,0.9329608938547486,0.11544709504094153,0.9377949377949378,0.9176280241748817,0.9373244880936669,2e-05,32,0.7540112910200039,0.8019876219148674,7,0.9903072715572716,0.6437971793081474,0.9895522033588169,57.888160705566406
32,7,0.9067357512953368,0.7910295616717635,0.7643142476697736,0.6166219839142091,0.4731182795698925,0.9053916581892166,0.528169014084507,0.9430147058823529,0.10158578199999672,0.9283569283569284,0.9031442968095538,0.9267426319321751,2e-05,48,0.7410494002846315,0.8020845549323538,7,0.9932521807521808,0.6423040444069813,0.9927758111523646,75.05065846443176
32,7,0.9633507853403142,0.9255441008018328,0.8464619492656876,0.7386934673366834,0.7383177570093458,0.9400826446280992,0.8166666666666667,0.9561243144424132,0.08476307077909864,0.9356499356499357,0.9130898451812788,0.934322070504023,3e-05,32,0.8656552106863804,0.8943120770935316,7,0.9936722436722437,0.8046146406664417,0.9934756850389398,57.692649364471436
32,7,0.9340369393139841,0.8548571428571429,0.7972027972027972,0.5558912386706949,0.5313653136531366,0.9136316337148803,0.5189873417721519,0.940754039497307,0.07077469069155909,0.9420849420849421,0.9260644043661533,0.9424745539110205,3e-05,48,0.7558408058352618,0.8183392712613107,7,0.9933773058773059,0.648148130330854,0.99291201326505,74.4087176322937
32,7,0.9635416666666666,0.930715935334873,0.8676470588235294,0.7912087912087912,0.7383177570093458,0.9159067882472138,0.8548387096774194,0.9435989256938228,0.08640771546578478,0.9360789360789361,0.9147496115935871,0.9350102529873064,5e-05,32,0.8757219540827077,0.898260440903165,7,0.9937929000429,0.8258583945068337,0.9936786991046875,57.37503123283386
32,7,0.953125,0.9112426035502958,0.817174515235457,0.7268170426065163,0.43870967741935485,0.9146341463414634,0.8131868131868132,0.9562043795620438,0.08126245723438583,0.9330759330759331,0.9062935723310305,0.9318230997603325,5e-05,48,0.8163867722377431,0.8673360980377665,7,0.9952005577005577,0.7963280271627717,0.9949232832700425,74.38344955444336
64,7,0.5514018691588785,0.6136363636363636,0.659375,0.0,0.0,0.7574304889741131,0.0,0.8601973684210527,0.3967228819217001,0.9043329043329044,0.8562976023054458,0.8960620212727672,1e-05,32,0.43025513627380096,0.5750264696392695,7,0.9816870441870442,0.3989761407735471,0.9782771130311805,47.1058623790741
64,7,0.0,0.5350172215843858,0.08056872037914692,0.0,0.0,0.48520710059171596,0.0,0.8809523809523809,0.4299077551279749,0.9146289146289146,0.8799677789657357,0.9115603988896399,1e-05,48,0.24771817793845372,0.38231279658897593,7,0.9833494208494209,0.2028303994559732,0.9771228408260804,63.77140522003174
64,7,0.8675324675324675,0.666069829901522,0.7419354838709677,0.0,0.11475409836065574,0.8611670020120724,0.2311111111111111,0.9171171171171171,0.18813238692070758,0.9343629343629344,0.9076996633118076,0.9329082055417365,2e-05,32,0.5499608887382392,0.6751184848561822,7,0.9866205491205491,0.5011159241068964,0.9841731489942295,46.55739498138428
64,7,0.6052009456264775,0.7193932827735645,0.6905132192846034,0.0,0.0,0.7962264150943397,0.01020408163265306,0.9051724137931034,0.16946739925160295,0.9365079365079365,0.9157749593214055,0.935279973136552,2e-05,48,0.4658387947755927,0.6194377796166454,7,0.989078364078364,0.4220434390847996,0.9866795600150426,63.526379346847534
64,7,0.9234828496042217,0.8218331616889805,0.775,0.5663716814159292,0.5443786982248521,0.9118236472945892,0.46285714285714286,0.928377153218495,0.1281263084106502,0.9365079365079365,0.9182967353256483,0.9365673015389249,3e-05,32,0.7417655417880263,0.8025888544405996,7,0.9899587087087087,0.6445965487048205,0.98918201144441,46.53747916221619
64,7,0.8923076923076924,0.7355212355212355,0.7661971830985915,0.09954751131221719,0.40609137055837563,0.8805528134254689,0.429042904290429,0.9080068143100511,0.11885678364584844,0.9420849420849421,0.9211695768274926,0.9412470130995777,3e-05,48,0.6396584406030077,0.7297691302385091,7,0.991571929071929,0.5493130302355795,0.9905746146712785,63.54395365715027
64,7,0.9473684210526315,0.903010033444816,0.825065274151436,0.6910994764397905,0.6938775510204082,0.9406952965235174,0.8406593406593407,0.9565217391304348,0.07871619789373308,0.9373659373659373,0.9159673230229771,0.9364676732763951,5e-05,32,0.8497871415527969,0.8823739839911444,7,0.993082368082368,0.7791841929926764,0.9928462773398152,46.54160451889038
64,7,0.9138381201044387,0.8593073593073594,0.8049113233287858,0.5649717514124294,0.5317919075144508,0.8806262230919765,0.4218181818181818,0.9554140127388535,0.08548134543179046,0.9279279279279279,0.9067609097761161,0.9270515965453916,5e-05,48,0.7415848599145595,0.8090421944318471,7,0.9937258687258688,0.6598317189997791,0.9931367202622359,63.52524995803833
8,10,0.9669211195928753,0.9174311926605505,0.8312412831241283,0.7418546365914787,0.7841409691629956,0.9398340248962656,0.8380462724935732,0.9344115004492363,0.05671736813513687,0.9412269412269412,0.923080336432352,0.9409655225490912,1e-05,32,0.8692351248713879,0.8900131279576284,10,0.9936186186186187,0.8189299194575653,0.9934610023876331,167.73222303390503
8,10,0.9305912596401028,0.8678414096916299,0.791268758526603,0.6666666666666666,0.656084656084656,0.8936170212765957,0.732620320855615,0.9544626593806922,0.05573927926565054,0.9244959244959245,0.9059416545843425,0.9246164550408783,1e-05,48,0.8116440940153201,0.8488326533459031,10,0.9945302445302445,0.7601322268149522,0.9943846685968997,193.24065256118774
8,10,0.9587628865979382,0.9243119266055045,0.8648648648648649,0.80306905370844,0.7887323943661971,0.9399796541200407,0.8753180661577609,0.95929203539823,0.04160542901805832,0.9360789360789361,0.9131497791638372,0.9349623393646554,2e-05,32,0.889291360227372,0.9089584097146857,10,0.9944095881595881,0.876469897590419,0.9943980726574544,167.74293518066406
8,10,0.9587628865979382,0.9218390804597701,0.8657105606258149,0.7580645161290323,0.7848101265822784,0.9206349206349206,0.8333333333333334,0.9571428571428572,0.0388628832539279,0.9296439296439296,0.9052035651747309,0.9279630356597345,2e-05,48,0.8750372851882431,0.8977793837337339,10,0.996049621049621,0.858293420489788,0.9960314650957475,193.3090465068817
8,10,0.9664082687338501,0.9424206815511164,0.8854568854568855,0.7828282828282829,0.7707317073170732,0.9405737704918032,0.8695652173913043,0.9668161434977578,0.04470377601648337,0.924924924924925,0.8971282527527471,0.9239985233643179,3e-05,32,0.8906001196585092,0.914768935360363,10,0.9948251823251824,0.869098045760894,0.994746679277164,167.79773354530334
8,10,0.9538461538461539,0.9153318077803204,0.8469656992084432,0.8020304568527918,0.6907216494845361,0.9362139917695473,0.8477157360406091,0.9322191272051996,0.061117588733121064,0.9274989274989275,0.8987121698966745,0.9265162661635536,3e-05,48,0.8656305777734502,0.891208349526558,10,0.9957368082368082,0.823862646708117,0.9956330601346767,193.34343576431274
8,10,0.9528795811518325,0.919674039580908,0.8641655886157826,0.7815533980582524,0.8288288288288288,0.9325025960539979,0.8571428571428571,0.9517857142857142,0.10562020708648112,0.9356499356499357,0.9130100796983432,0.9354295681356368,5e-05,32,0.8860665754647716,0.9033584316157113,10,0.9941950879450879,0.8563573297882294,0.9941633977004514,167.89087462425232
8,10,0.9616368286445013,0.9382422802850356,0.8858560794044665,0.8115183246073299,0.8185654008438819,0.9295774647887324,0.8429319371727748,0.9640933572710951,0.09242540582567621,0.9347919347919348,0.9160912297609658,0.933865708472175,5e-05,48,0.8940527091272272,0.9134055273203953,10,0.9963266838266839,0.8770837220181786,0.9963336490522449,193.3379385471344
16,10,0.9309462915601023,0.8997722095671982,0.7898448519040903,0.6573426573426573,0.5921787709497207,0.9060336300692384,0.7710144927536232,0.9432234432234432,0.0654203076693994,0.9369369369369369,0.9146848572246069,0.9360002110635022,1e-05,32,0.8112945434212592,0.8532887731578274,10,0.9920232732732732,0.759310810754712,0.9917275805073362,109.12942719459534
16,10,0.885,0.6714542190305206,0.7485714285714286,0.17592592592592593,0.4342105263157895,0.8924302788844621,0.38095238095238093,0.9396939693969397,0.07680100644035126,0.9352209352209352,0.9109102772596825,0.934561094233377,1e-05,48,0.6410298411346809,0.7281192355139945,10,0.991974116974117,0.5606605050971966,0.990950836475328,131.2738482952118
16,10,0.9667519181585678,0.9301260022909508,0.8493506493506493,0.8157248157248157,0.7649769585253456,0.9455292908530318,0.8480392156862745,0.9591474245115453,0.05163821993645892,0.9322179322179323,0.9097473096944464,0.9314351710900629,2e-05,32,0.8849557843876477,0.9069247663327556,10,0.9943425568425568,0.8338558760120468,0.9942775788917223,109.12136793136597
16,10,0.9432989690721649,0.9207807118254879,0.8579017264276229,0.7286821705426356,0.7298578199052133,0.9376979936642027,0.7138964577656676,0.9497797356828194,0.045910363207890915,0.9360789360789361,0.9154162916325329,0.9359701778717013,2e-05,48,0.8477369481107268,0.883002839241374,10,0.9954865579865579,0.7907774087223799,0.9953354284559343,131.3196415901184
16,10,0.9593908629441624,0.9144811858608894,0.8767471410419314,0.7835051546391752,0.7592592592592593,0.934560327198364,0.8707124010554089,0.957847533632287,0.04546447750736973,0.9257829257829258,0.8990888286952096,0.9241458908468972,3e-05,32,0.8820629832039347,0.90475859173097,10,0.9943559631059631,0.8771894566745887,0.9943376527527192,109.16556549072266
16,10,0.953125,0.9191685912240185,0.8857509627727856,0.7835616438356164,0.7547169811320755,0.9311740890688259,0.8341968911917098,0.9622302158273381,0.042922899342461754,0.9407979407979408,0.91950998182154,0.9404989858842367,3e-05,48,0.8779905468815462,0.9038138918490505,10,0.9960674960674961,0.8280639361373255,0.995969498943555,131.31896591186523
16,10,0.9662337662337662,0.9349112426035503,0.8880105401844532,0.8296296296296296,0.8154506437768241,0.9381443298969072,0.8922305764411027,0.9526362823949955,0.06212609223743428,0.9365079365079365,0.9123105073012948,0.9363856897119185,5e-05,32,0.9021558763951536,0.9176887019810451,10,0.9948519948519948,0.8814386394072982,0.994843752604925,109.17463874816895
16,10,0.9608355091383812,0.9185905224787363,0.8575063613231552,0.7616822429906542,0.7884615384615384,0.9377593360995851,0.8516746411483254,0.9556737588652482,0.04481456675358228,0.9317889317889317,0.9054241614162633,0.9305620509290866,5e-05,48,0.8790229888132031,0.9008206230128335,10,0.995924495924496,0.8397324820857306,0.9959122940291125,131.28074312210083
32,10,0.9222797927461139,0.7186067827681026,0.7774647887323943,0.31970260223048325,0.524390243902439,0.8902077151335311,0.3837638376383764,0.9360146252285192,0.14477943699984325,0.9335049335049335,0.911055507658344,0.9325419459340023,1e-05,32,0.684053798547495,0.7573977903460929,10,0.9888325825825826,0.5879440517378189,0.9875635661665555,76.75619435310364
32,10,0.829736211031175,0.6831683168316832,0.7295774647887324,0.18604651162790697,0.0,0.8650793650793651,0.1339712918660287,0.9065255731922398,0.10706730100459286,0.933933933933934,0.9110448092486764,0.9332111011774651,1e-05,48,0.5417630918021413,0.6733452937211436,10,0.9908837408837409,0.5025283602616953,0.9891569679842778,99.58326840400696
32,10,0.958974358974359,0.9258836944127709,0.8370165745856354,0.7450980392156863,0.7383177570093458,0.9344262295081968,0.8268733850129198,0.9630297565374211,0.050720994371832126,0.9407979407979408,0.9220050052529013,0.9400639699243439,2e-05,32,0.8662024744070418,0.8942413418390591,10,0.9939537752037753,0.8135636692102932,0.9937919825096873,76.69187426567078
32,10,0.9119170984455959,0.8780487804878049,0.8206521739130435,0.6473429951690821,0.6214689265536724,0.9019211324570273,0.6430868167202572,0.9282470481380564,0.05487632786943799,0.9356499356499357,0.9170900834776204,0.9351885686630272,2e-05,48,0.7940856214855675,0.8398445410330643,10,0.9941816816816816,0.6994848194677212,0.9938720966402452,99.60297751426697
32,10,0.9718670076726342,0.931924882629108,0.8682559598494354,0.8072916666666666,0.8088888888888889,0.9504132231404959,0.858560794044665,0.9652096342551294,0.061505048524677045,0.9365079365079365,0.9165523285229856,0.9358791794346327,3e-05,32,0.8953015071433779,0.9149173179304,10,0.9947313384813384,0.845759412835689,0.9946578407350151,76.72138142585754
32,10,0.9585492227979274,0.9244851258581236,0.8246575342465754,0.689156626506024,0.7208121827411168,0.9294354838709677,0.7913279132791328,0.9482288828337875,0.04447789992471891,0.9356499356499357,0.9130996331255112,0.9354616907158545,3e-05,48,0.8483316215167069,0.8801461738541793,10,0.995540183040183,0.799660684667912,0.9954073047720039,99.62664890289307
32,10,0.96875,0.9413145539906104,0.8762376237623762,0.8341968911917098,0.782608695652174,0.9483282674772037,0.8939393939393939,0.9684968496849685,0.04928560947467174,0.9425139425139425,0.9244603534850605,0.9423005190666514,5e-05,32,0.9017340344623046,0.9214284313900739,10,0.995066495066495,0.888024065400477,0.9951477407931593,76.65792846679688
32,10,0.9660574412532638,0.9325581395348838,0.8370273794002607,0.7431693989071039,0.7947598253275109,0.9215086646279307,0.7611111111111111,0.9391143911439115,0.06999013791348607,0.9373659373659373,0.9153794823342373,0.9368329459307195,5e-05,48,0.861913293913247,0.8856751108428927,10,0.9955312455312455,0.8439146602419737,0.995435644002686,99.57006788253784
64,10,0.617169373549884,0.7068004459308808,0.7015384615384616,0.0,0.0,0.7818853974121996,0.0,0.9298085688240656,0.2412897078763871,0.9283569283569284,0.900044282369079,0.9268225808586458,1e-05,32,0.46715028090693644,0.6218020024430846,10,0.9846632346632347,0.4418103418837044,0.9811410328786473,62.097416639328
64,10,0.020512820512820513,0.6345381526104418,0.4482758620689655,0.0,0.0,0.6293333333333333,0.0,0.867109634551495,0.2841186516341709,0.9244959244959245,0.8949878013429874,0.923129134454718,1e-05,48,0.324971225384632,0.48258799209414416,10,0.9847883597883598,0.274552148952942,0.9796802321486383,85.38255095481873
64,10,0.9104859335038363,0.8481012658227848,0.7966804979253111,0.6650602409638554,0.6666666666666666,0.8921859545004945,0.5760517799352751,0.9482288828337875,0.08192722659025874,0.9369369369369369,0.9136202172830786,0.9363915771211502,2e-05,32,0.7879326527690015,0.8316323170456926,10,0.9912591162591162,0.6939367606938921,0.9908304025811216,62.149572134017944
64,10,0.8652849740932642,0.6776255707762557,0.75,0.168141592920354,0.37333333333333335,0.8927125506072875,0.2572614107883817,0.942630185348632,0.08258781803860551,0.9369369369369369,0.9148199134928159,0.9365032991014459,2e-05,48,0.6158737022334386,0.7158304172777563,10,0.9918847418847418,0.5464784605044015,0.9907006203292408,85.3853988647461
64,10,0.9430051813471503,0.915606936416185,0.8403819918144612,0.7028423772609819,0.4810126582278481,0.9358178053830227,0.7977207977207977,0.9558303886925795,0.06836560738849498,0.9407979407979408,0.9192167521125627,0.940250536625664,3e-05,32,0.8215272671078784,0.8737061548431757,10,0.9930421492921493,0.7812179546718603,0.9926160238887791,62.17773151397705
64,10,0.9254498714652957,0.8624277456647399,0.7823613086770982,0.6182795698924731,0.6237623762376238,0.8859198355601233,0.47191011235955055,0.9359783588818755,0.07113287691026926,0.9438009438009438,0.9242968985291763,0.9434235641356443,3e-05,48,0.7632611473423475,0.8156718442467178,10,0.9937884312884313,0.6552917638197,0.9931461142952315,85.38258337974548
64,10,0.9635416666666666,0.9146757679180887,0.835820895522388,0.711864406779661,0.8281938325991189,0.9,0.792022792022792,0.9477611940298507,0.06411798872674505,0.9262119262119262,0.9064439171148682,0.9246088163779238,5e-05,32,0.8617350694423208,0.8815821443611552,10,0.9933504933504933,0.8081212809643984,0.993183479192338,62.14317345619202
64,10,0.9503916449086162,0.9150622876557192,0.8236877523553163,0.7102803738317757,0.748898678414097,0.9249492900608519,0.8392370572207084,0.9587813620071685,0.047208414789998814,0.9270699270699271,0.8988728452512985,0.9248790101815721,5e-05,48,0.8589110558067816,0.8857417156105742,10,0.9955759330759331,0.8027500857942713,0.9955181346622194,85.36146998405457
8,15,0.9509043927648578,0.936268829663963,0.9034749034749034,0.798941798941799,0.8034934497816594,0.9472595656670114,0.8602739726027397,0.9493333333333334,0.027881535779759957,0.933933933933934,0.9090848023213464,0.9333370007414302,1e-05,32,0.8937437807787834,0.9148774716953461,15,0.9950530888030888,0.8874453054348528,0.9950060887486737,246.52016496658325
8,15,0.9540816326530612,0.9331797235023042,0.8492791612057667,0.7468030690537084,0.7614678899082569,0.9402228976697061,0.8483290488431876,0.9619565217391305,0.03990163771130746,0.939081939081939,0.9160727270490575,0.9384978926425809,1e-05,48,0.8744149930718902,0.9006791964647227,15,0.9962462462462462,0.8551900104023931,0.996215684041445,283.6749198436737
8,15,0.9767441860465116,0.9449003516998827,0.8946684005201561,0.821256038647343,0.7949790794979079,0.9311408016443987,0.9040404040404041,0.9508196721311475,0.03692543387997016,0.9395109395109396,0.9187205690704634,0.9385446389472194,2e-05,32,0.9023186167784689,0.9188672135046124,15,0.9948788073788074,0.886657052652715,0.994902577223386,246.56198501586914
8,15,0.9740932642487047,0.9381563593932322,0.9019108280254777,0.773841961852861,0.8389830508474576,0.9526748971193416,0.8305084745762712,0.9605026929982047,0.027495055944764615,0.9382239382239382,0.9178401710817524,0.9373139276239086,2e-05,48,0.8963339411326938,0.917490520005077,15,0.9966394966394967,0.8872390961378217,0.9965921025001555,283.8013045787811
8,14,0.9689119170984456,0.9450292397660819,0.9006134969325154,0.8512820512820513,0.8205128205128205,0.9375,0.9104859335038363,0.9573115349682108,0.04242224868154501,0.9356499356499357,0.9119474595573874,0.9346801122056364,3e-05,32,0.9114558742579952,0.9257353764880341,15,0.9950799013299013,0.8982796240285706,0.9951159649837268,230.83358192443848
8,15,0.9739583333333334,0.9148694665153235,0.8900255754475703,0.7409326424870466,0.7798165137614679,0.9293139293139293,0.8478260869565217,0.9445958219800181,0.03608647474559004,0.9309309309309309,0.9039346318183499,0.9307588781993316,3e-05,48,0.8776672962244014,0.9001045728572094,15,0.9961032461032461,0.8688700861842846,0.99607329006274,283.6751880645752
8,13,0.9711286089238845,0.9057071960297767,0.8871989860583016,0.8373333333333334,0.8376068376068376,0.946058091286307,0.8810810810810811,0.951627088830255,0.07211051246980331,0.9253539253539254,0.8964903113692833,0.9250453802249893,5e-05,32,0.902217652893722,0.9150130997207999,15,0.9945972758472759,0.8926577920479595,0.9945372445601127,215.03343892097473
8,15,0.9565217391304348,0.8901345291479821,0.8465608465608465,0.7442922374429224,0.7966101694915254,0.9116186693147964,0.8387096774193549,0.9015748031496063,0.1149881608787331,0.9146289146289146,0.8904226350277484,0.9122444982974777,5e-05,48,0.8607528339571836,0.8755320200749843,15,0.9951469326469327,0.8497549579892755,0.9951791964608278,283.6062843799591
16,15,0.961439588688946,0.9289871944121071,0.8614130434782609,0.7575757575757576,0.7393364928909952,0.9390243902439024,0.8328767123287671,0.948509485094851,0.03143537927752555,0.9386529386529386,0.9155711577731317,0.9381305157911205,1e-05,32,0.8711453330891985,0.8979995703971285,15,0.9939805877305877,0.8203928931313715,0.993778775887755,158.70540738105774
16,15,0.9408740359897172,0.9054054054054054,0.8202396804260985,0.663013698630137,0.5977011494252874,0.9226069246435845,0.7360774818401937,0.9434977578475336,0.04409465693882597,0.9356499356499357,0.9138716705080056,0.9349390407161658,1e-05,48,0.8161770167759947,0.8609490901659314,15,0.9948966823966824,0.7701395844295245,0.9947203053062473,190.69420170783997
16,12,0.9692307692307692,0.9322429906542056,0.8852459016393442,0.8364611260053619,0.7559808612440191,0.9366053169734151,0.827027027027027,0.9597135183527306,0.04368648337228085,0.9403689403689404,0.918912325619355,0.9394277408216548,2e-05,32,0.8878134388908591,0.9111698308141455,15,0.9945570570570571,0.857171202059221,0.9944395929277482,128.9717457294464
16,15,0.9685863874345549,0.9395348837209302,0.8723958333333334,0.7857142857142857,0.8108108108108109,0.9457523029682702,0.8337874659400545,0.9617097061442564,0.021537494344581198,0.9382239382239382,0.9186140802649279,0.9377335756639569,2e-05,48,0.889786459508312,0.9115199273189248,15,0.9964428714428715,0.8778836010969703,0.9964069187182806,190.67835068702698
16,12,0.9739583333333334,0.9255813953488372,0.8883048620236531,0.7664041994750657,0.8311688311688312,0.9363449691991786,0.8655913978494624,0.957542908762421,0.04659974527364569,0.9360789360789361,0.9111235112291395,0.9353486773815891,3e-05,32,0.8931121121450978,0.9113013082477837,15,0.9947179322179323,0.8723193287225407,0.9946497281230435,128.94406151771545
16,15,0.9685863874345549,0.9342560553633218,0.8835443037974684,0.7868020304568528,0.8368200836820083,0.9330628803245437,0.8453038674033149,0.9738973897389739,0.03515436590315579,0.9403689403689404,0.9170355329066265,0.9396231334135605,3e-05,48,0.8952841247751298,0.914755173170578,15,0.9965858715858716,0.8622497137712484,0.9965630199345482,190.61350202560425
16,15,0.9740932642487047,0.9339513325608343,0.8875154511742892,0.828125,0.8355555555555556,0.9454545454545454,0.8974358974358975,0.9532374100719424,0.02745774553067037,0.9365079365079365,0.9183054839885566,0.9356963011754263,5e-05,32,0.9069210570627211,0.920712370234442,15,0.9949592449592449,0.8900671999758815,0.994977420418468,158.6282455921173
16,13,0.9742268041237113,0.9377203290246768,0.8942675159235669,0.8111111111111111,0.7946428571428571,0.9421319796954315,0.8946015424164524,0.9619565217391305,0.04969234250471997,0.9317889317889317,0.9069419719174446,0.9309878006563262,5e-05,48,0.9013323326471172,0.9203438955558064,15,0.9965501215501216,0.8633639393546173,0.9964859896564982,166.8192162513733
32,15,0.9427083333333334,0.9043869516310461,0.8233657858136301,0.7014925373134329,0.7307692307692307,0.9210526315789473,0.7318435754189944,0.9399293286219081,0.05233999019089554,0.9403689403689404,0.9207782798647474,0.9400477153308467,1e-05,32,0.8369435468100654,0.8688626871951503,15,0.9926801801801802,0.7625050602234555,0.9924244605600339,109.90519380569458
32,15,0.9190600522193212,0.786,0.7471264367816092,0.37857142857142856,0.40789473684210525,0.9003021148036254,0.3559870550161812,0.9320557491289199,0.05446101070958234,0.9305019305019305,0.9099312411774997,0.9294880120388118,1e-05,48,0.678374696670399,0.7619201461395128,15,0.9926712426712426,0.5936831418732318,0.9917786278890267,143.24461197853088
32,15,0.958974358974359,0.9398148148148148,0.8575233022636485,0.8169761273209549,0.8125,0.9402228976697061,0.8531073446327684,0.9466063348416289,0.02730899987121423,0.9347919347919348,0.9101718227631623,0.9337410697797088,2e-05,32,0.8907156475647351,0.908154409697367,15,0.9944095881595881,0.8365114615574639,0.9942267286855421,110.0876874923706
32,15,0.9690721649484536,0.9190421892816419,0.8428005284015853,0.723404255319149,0.6834170854271356,0.9356486210418795,0.8733153638814016,0.9388127853881278,0.0340358097150567,0.9360789360789361,0.9168634360832433,0.9357130521862809,2e-05,48,0.8606891242111718,0.889259346716488,15,0.9957010582010583,0.8162829261295041,0.9956195609623976,143.18556880950928
32,15,0.9740932642487047,0.9508196721311475,0.8940568475452196,0.8188585607940446,0.8281938325991189,0.9404641775983855,0.8894601542416453,0.9581818181818181,0.02160257620770218,0.9356499356499357,0.9140799933886363,0.9349213962325617,3e-05,32,0.9067660409175106,0.9230598866875316,15,0.995267589017589,0.8889660320817823,0.9952728314255069,110.09482312202454
32,15,0.9593908629441624,0.9372093023255814,0.8941176470588236,0.7929292929292929,0.7627906976744186,0.9490835030549898,0.8882978723404256,0.9613656783468104,0.02577894298259967,0.9356499356499357,0.9124048679853162,0.9352147352299658,3e-05,48,0.893148107084313,0.9170036435988889,15,0.9966216216216216,0.8472171271502256,0.996547157248463,143.13849425315857
32,15,0.9818181818181818,0.935672514619883,0.8925410872313527,0.7978723404255319,0.8305084745762712,0.9480249480249481,0.9030612244897959,0.9596412556053812,0.03283587832646888,0.9335049335049335,0.909620020892791,0.933324189638431,5e-05,32,0.9061425033489182,0.9221291593133664,15,0.9951201201201201,0.89854661499743,0.9951139896802669,110.03759264945984
32,15,0.9543147208121827,0.9246575342465754,0.8683181225554107,0.746606334841629,0.8054298642533937,0.9148073022312373,0.8563685636856369,0.9255419415645617,0.03255473298624912,0.9283569283569284,0.9034462515493837,0.9275457148178139,5e-05,48,0.8745055480238284,0.8922500455247832,15,0.9957904332904333,0.8470146879489225,0.9957964336071554,143.1917061805725
64,15,0.8753180661577609,0.710727969348659,0.7773049645390071,0.41237113402061853,0.3698630136986301,0.8855721393034826,0.35856573705179284,0.9459698848538529,0.10124926206966241,0.9403689403689404,0.9194000755517177,0.9398735104427633,1e-05,32,0.6669616136217255,0.7520840423642757,15,0.988551051051051,0.5859427914849278,0.9872432894524005,88.10914325714111
64,15,0.7534883720930232,0.6437440305635148,0.7256894049346879,0.02030456852791878,0.37583892617449666,0.8272552783109405,0.030303030303030304,0.9394495412844037,0.10939060905504794,0.9343629343629344,0.9119152968483525,0.9334392434582238,1e-05,48,0.5395091440240021,0.656409062653504,15,0.9908479908479908,0.4916855635373923,0.9891591827365847,121.85322332382202
64,15,0.9457364341085271,0.9190421892816419,0.8530559167750326,0.7587939698492462,0.7982062780269058,0.9308943089430894,0.8260869565217391,0.9472743521000894,0.04503400592754284,0.9373659373659373,0.9131561968586288,0.936948066454684,2e-05,32,0.8723863007007839,0.8942205108275518,15,0.9937794937794938,0.8012977404006942,0.9936372469547142,88.15310263633728
64,15,0.9242819843342036,0.8471337579617835,0.7949438202247191,0.6234413965087282,0.4645161290322581,0.9144008056394763,0.6254071661237784,0.9637023593466425,0.03825275602173947,0.9429429429429429,0.9222569198075536,0.9425516719366042,2e-05,48,0.7697284273964488,0.8313541929626492,15,0.9943246818246818,0.6801720581332964,0.9938793438096255,121.79610323905945
64,15,0.9637305699481865,0.9375,0.8926261319534282,0.8113695090439277,0.832579185520362,0.9438202247191011,0.8586666666666667,0.9577717879604672,0.03186983647312792,0.9292149292149292,0.9040291774352956,0.9280335735799212,3e-05,32,0.8997580094765174,0.9176246161433955,15,0.9949056199056199,0.8488172863273298,0.9947776462989912,88.10691833496094
64,15,0.9585492227979274,0.9211428571428572,0.8282290279627164,0.6933962264150944,0.7064220183486238,0.9263370332996973,0.7942028985507247,0.958029197080292,0.025762787088751793,0.9455169455169455,0.9258084157724875,0.9452915913432152,3e-05,48,0.8482885601997416,0.8815813963369132,15,0.9955133705133705,0.7923219195370229,0.9954088944792499,121.86421942710876
64,15,0.96875,0.9330199764982373,0.8905852417302799,0.7780821917808219,0.7414634146341463,0.9458333333333333,0.8525469168900804,0.9560632688927944,0.033330992041599186,0.9244959244959245,0.8997205059994394,0.9249950222411097,5e-05,32,0.8832930429699617,0.9098943439483872,15,0.9946777134277134,0.8622839972342166,0.9945629364155656,88.08749985694885
64,15,0.9560723514211886,0.927570093457944,0.8397350993377484,0.7772277227722773,0.7511737089201878,0.9396110542476971,0.8311688311688312,0.947085201793722,0.051359138529126845,0.9309309309309309,0.9078078669342009,0.930583822714554,5e-05,48,0.8712055078899494,0.8956317905340951,15,0.995960245960246,0.8467272983702657,0.9959128347088404,121.8172812461853
